<?xml version="1.0" encoding="UTF-8"?>
<rss version="2.0"
	xmlns:content="http://purl.org/rss/1.0/modules/content/"
	xmlns:wfw="http://wellformedweb.org/CommentAPI/"
	xmlns:dc="http://purl.org/dc/elements/1.1/"
	xmlns:atom="http://www.w3.org/2005/Atom"
	xmlns:sy="http://purl.org/rss/1.0/modules/syndication/"
	xmlns:slash="http://purl.org/rss/1.0/modules/slash/"
	>

<channel>
	<title>Theme Preview</title>
	<atom:link href="http://wp-themes.com/?feed=rss2" rel="self" type="application/rss+xml" />
	<link>http://wp-themes.com</link>
	<description>Previewing Another WordPress Blog</description>
	<lastBuildDate>Wed, 17 Dec 2008 19:31:28 +0000</lastBuildDate>
	<generator>http://wordpress.org/?v=2.8.5</generator>
	<language>en</language>
	<sy:updatePeriod>hourly</sy:updatePeriod>
	<sy:updateFrequency>1</sy:updateFrequency>
			<item>
		<title>Worth A Thousand Words</title>
		<link>http://wp-themes.com/?p=19</link>
		<comments>http://wp-themes.com/?p=19#comments</comments>
		<pubDate>Fri, 17 Oct 2008 04:33:51 +0000</pubDate>
		<dc:creator>Theme Admin</dc:creator>
				<category><![CDATA[Uncategorized]]></category>
		<category><![CDATA[boat]]></category>
		<category><![CDATA[lake]]></category>

		<guid isPermaLink="false">http://wp-themes.com/?p=19</guid>
		<description><![CDATA[Boat.
]]></description>
			<content:encoded><![CDATA[<div class="wp-caption alignnone" style="width: 445px"><img alt="Boat" src="http://wpdotorg.files.wordpress.com/2008/11/boat.jpg" title="Boat" width="435" height="288" /><p class="wp-caption-text">Boat</p></div>
<p>Boat.</p>
]]></content:encoded>
			<wfw:commentRss>http://wp-themes.com/?feed=rss2&amp;p=19</wfw:commentRss>
		<slash:comments>0</slash:comments>
		</item>
		<item>
		<title>Elements</title>
		<link>http://wp-themes.com/?p=36</link>
		<comments>http://wp-themes.com/?p=36#comments</comments>
		<pubDate>Fri, 05 Sep 2008 19:39:12 +0000</pubDate>
		<dc:creator>Theme Admin</dc:creator>
				<category><![CDATA[Uncategorized]]></category>

		<guid isPermaLink="false">http://wp-themes.com/?p=36</guid>
		<description><![CDATA[
The purpose of this HTML is to help determine what default settings are with CSS and to make sure that all possible HTML Elements are included in this HTML so as to not miss any possible Elements when designing a site.

Heading 1
Heading 2
Heading 3
Heading 4
Heading 5
Heading 6


Paragraph
Lorem ipsum dolor sit amet, test link adipiscing elit. [...]]]></description>
			<content:encoded><![CDATA[<p><!-- Sample Content to Plugin to Template --></p>
<p>The purpose of this HTML is to help determine what default settings are with CSS and to make sure that all possible HTML Elements are included in this HTML so as to not miss any possible Elements when designing a site.</p>
<hr />
<h1>Heading 1</h1>
<h2>Heading 2</h2>
<h3>Heading 3</h3>
<h4>Heading 4</h4>
<h5>Heading 5</h5>
<h6>Heading 6</h6>
<p><small><a href="#wrapper"><a id="goTop" class="js-link">Top</a></a></small></p>
<hr />
<h2 id="paragraph">Paragraph</h2>
<p>Lorem ipsum dolor sit amet, <a href="#" title="test link">test link</a> adipiscing elit. Nullam dignissim convallis est. Quisque aliquam. Donec faucibus. Nunc iaculis suscipit dui. Nam sit amet sem. Aliquam libero nisi, imperdiet at, tincidunt nec, gravida vehicula, nisl. Praesent mattis, massa quis luctus fermentum, turpis mi volutpat justo, eu volutpat enim diam eget metus. Maecenas ornare tortor. Donec sed tellus eget sapien fringilla nonummy. Mauris a ante. Suspendisse quam sem, consequat at, commodo vitae, feugiat in, nunc. Morbi imperdiet augue quis tellus.</p>
<p>Lorem ipsum dolor sit amet, <em>emphasis</em> consectetuer adipiscing elit. Nullam dignissim convallis est. Quisque aliquam. Donec faucibus. Nunc iaculis suscipit dui. Nam sit amet sem. Aliquam libero nisi, imperdiet at, tincidunt nec, gravida vehicula, nisl. Praesent mattis, massa quis luctus fermentum, turpis mi volutpat justo, eu volutpat enim diam eget metus. Maecenas ornare tortor. Donec sed tellus eget sapien fringilla nonummy. Mauris a ante. Suspendisse quam sem, consequat at, commodo vitae, feugiat in, nunc. Morbi imperdiet augue quis tellus.</p>
<p><small><a href="#wrapper"><a id="goTop" class="js-link">Top</a></a></small></p>
<hr />
<h2 id="list_types">List Types</h2>
<h3>Definition List</h3>
<dl>
<dt>Definition List Title</dt>
<dd>This is a definition list division.</dd>
</dl>
<h3>Ordered List</h3>
<ol>
<li>List Item 1</li>
<li>List Item 2</li>
<li>List Item 3</li>
</ol>
<h3>Unordered List</h3>
<ul>
<li>List Item 1</li>
<li>List Item 2</li>
<li>List Item 3</li>
</ul>
<p><small><a href="#wrapper"><a id="goTop" class="js-link">Top</a></a></small></p>
<hr />
<h2 id="form_elements">Forms</h2>
<p><fieldset><br />
	<legend>Legend</legend></p>
<p>Lorem ipsum dolor sit amet, consectetuer adipiscing elit. Nullam dignissim convallis est. Quisque aliquam. Donec faucibus. Nunc iaculis suscipit dui. Nam sit amet sem. Aliquam libero nisi, imperdiet at, tincidunt nec, gravida vehicula, nisl. Praesent mattis, massa quis luctus fermentum, turpis mi volutpat justo, eu volutpat enim diam eget metus.</p>
<form>
<h2>Form Element</h2>
<p>Lorem ipsum dolor sit amet, consectetuer adipiscing elit. Nullam dignissim convallis est. Quisque aliquam. Donec faucibus. Nunc iaculis suscipit dui.</p>
<p><label for="text_field">Text Field:</label></p>
<input type="text" id="text_field" />
<p><label for="text_area">Text Area:</label><br />
		<textarea id="text_area"></textarea></p>
<p><label for="select_element">Select Element:</label></p>
<select name="select_element">
			<optgroup label="Option Group 1"><br />
				<option value="1">Option 1</option><br />
				<option value="2">Option 2</option><br />
				<option value="3">Option 3</option><br />
			</optgroup></p>
<p>			<optgroup label="Option Group 2"><br />
				<option value="1">Option 1</option><br />
				<option value="2">Option 2</option><br />
				<option value="3">Option 3</option><br />
			</optgroup><br />
		</select>
</p>
<p><label for="radio_buttons">Radio Buttons:</label></p>
<input type="radio" class="radio" name="radio_button" value="radio_1" /> Radio 1<br/></p>
<input type="radio" class="radio" name="radio_button" value="radio_2" /> Radio 2<br/></p>
<input type="radio" class="radio" name="radio_button" value="radio_3" /> Radio 3<br/>
		</p>
<p><label for="checkboxes">Checkboxes:</label></p>
<input type="checkbox" class="checkbox" name="checkboxes" value="check_1" /> Radio 1<br/></p>
<input type="checkbox" class="checkbox" name="checkboxes" value="check_2" /> Radio 2<br/></p>
<input type="checkbox" class="checkbox" name="checkboxes" value="check_3" /> Radio 3<br/>
		</p>
<p><label for="password">Password:</label></p>
<input type="password" class="password" name="password" />
<p><label for="file">File Input:</label></p>
<input type="file" class="file" name="file" />
<p>
<input class="button" type="reset" value="Clear" />
<input class="button" type="submit" value="Submit" /></p></form>
<p></fieldset></p>
<p><small><a href="#wrapper"><a id="goTop" class="js-link">Top</a></a></small></p>
<hr />
<h2 id="tables">Tables</h2>
<table cellspacing="0" cellpadding="0">
<tr>
<th>Table Header 1</th>
<th>Table Header 2</th>
<th>Table Header 3</th>
</tr>
<tr>
<td>Division 1</td>
<td>Division 2</td>
<td>Division 3</td>
</tr>
<tr class="even">
<td>Division 1</td>
<td>Division 2</td>
<td>Division 3</td>
</tr>
<tr>
<td>Division 1</td>
<td>Division 2</td>
<td>Division 3</td>
</tr>
</table>
<p><small><a href="#wrapper"><a id="goTop" class="js-link">Top</a></a></small></p>
<hr />
<h2 id="misc">Misc Stuff &#8211; abbr, acronym, pre, code, sub, sup, etc.</h2>
<p>Lorem <sup>superscript</sup> dolor <sub>subscript</sub> amet, consectetuer adipiscing elit. Nullam dignissim convallis est. Quisque aliquam. <cite>cite</cite>. Nunc iaculis suscipit dui. Nam sit amet sem. Aliquam libero nisi, imperdiet at, tincidunt nec, gravida vehicula, nisl. Praesent mattis, massa quis luctus fermentum, turpis mi volutpat justo, eu volutpat enim diam eget metus. Maecenas ornare tortor. Donec sed tellus eget sapien fringilla nonummy. <acronym title="National Basketball Association">NBA</acronym> Mauris a ante. Suspendisse quam sem, consequat at, commodo vitae, feugiat in, nunc. Morbi imperdiet augue quis tellus.  <abbr title="Avenue">AVE</abbr></p>
<pre>


Lorem ipsum dolor sit amet,
 consectetuer adipiscing elit.
 Nullam dignissim convallis est.
 Quisque aliquam. Donec faucibus.
Nunc iaculis suscipit dui.
Nam sit amet sem.
Aliquam libero nisi, imperdiet at,
 tincidunt nec, gravida vehicula,
 nisl.
Praesent mattis, massa quis
luctus fermentum, turpis mi
volutpat justo, eu volutpat
enim diam eget metus.
Maecenas ornare tortor.
Donec sed tellus eget sapien
 fringilla nonummy.
<acronym title="National Basketball Association">NBA</acronym>
Mauris a ante. Suspendisse
 quam sem, consequat at,
commodo vitae, feugiat in,
nunc. Morbi imperdiet augue
 quis tellus.
<abbr title="Avenue">AVE</abbr>
</pre>
<blockquote><p>
	&#8220;This stylesheet is going to help so freaking much.&#8221; <br />-Blockquote
</p></blockquote>
<p><small><a href="#wrapper"><a id="goTop" class="js-link">Top</a></a></small><br />
<!-- End of Sample Content --></p>
]]></content:encoded>
			<wfw:commentRss>http://wp-themes.com/?feed=rss2&amp;p=36</wfw:commentRss>
		<slash:comments>0</slash:comments>
		</item>
		<item>
		<title>More Tags</title>
		<link>http://wp-themes.com/?p=14</link>
		<comments>http://wp-themes.com/?p=14#comments</comments>
		<pubDate>Sat, 21 Jun 2008 00:09:24 +0000</pubDate>
		<dc:creator>Theme Admin</dc:creator>
				<category><![CDATA[Uncategorized]]></category>
		<category><![CDATA[wordpress]]></category>

		<guid isPermaLink="false">http://wordpress.org/extend/themes-preview/?p=14</guid>
		<description><![CDATA[More of these posts need tags.
]]></description>
			<content:encoded><![CDATA[<p>More of these posts need tags.</p>
]]></content:encoded>
			<wfw:commentRss>http://wp-themes.com/?feed=rss2&amp;p=14</wfw:commentRss>
		<slash:comments>0</slash:comments>
		</item>
		<item>
		<title>HTML</title>
		<link>http://wp-themes.com/?p=8</link>
		<comments>http://wp-themes.com/?p=8#comments</comments>
		<pubDate>Sat, 21 Jun 2008 00:04:53 +0000</pubDate>
		<dc:creator>Theme Admin</dc:creator>
				<category><![CDATA[Uncategorized]]></category>
		<category><![CDATA[html]]></category>
		<category><![CDATA[wordpress]]></category>

		<guid isPermaLink="false">http://wordpress.org/extend/themes-preview/?p=8</guid>
		<description><![CDATA[What HTML tags would you like to see?
Let&#8217;s start with an unordered list:

One
Two
Three
Four

And then move on to a more interesting ordered list:

one, two

buckle my shoe


three, four

knock at the door


Five, six

pick up sticks


Seven, eight, lay them straight

Nine, ten, a big fat hen
Eleven, twelve, dig and delve
Thirteen, fourteen, maids a&#8217;courting
Fifteen, sixteen, maids in the kitchen
Seventeen, eighteen, maids [...]]]></description>
			<content:encoded><![CDATA[<p>What HTML tags would you like to see?</p>
<p>Let&#8217;s start with an unordered list:</p>
<ul>
<li>One</li>
<li>Two</li>
<li>Three</li>
<li>Four</li>
</ul>
<p>And then move on to a more interesting ordered list:</p>
<ol>
<li>one, two
<ol>
<li>buckle my shoe</li>
</ol>
</li>
<li>three, four
<ol>
<li>knock at the door</li>
</ol>
</li>
<li>Five, six
<ol>
<li>pick up sticks</li>
</ol>
</li>
<li>Seven, eight, lay them straight
<ol>
<li>Nine, ten, a big fat hen</li>
<li>Eleven, twelve, dig and delve</li>
<li>Thirteen, fourteen, maids a&#8217;courting</li>
<li>Fifteen, sixteen, maids in the kitchen</li>
<li>Seventeen, eighteen, maids a&#8217;waiting</li>
<li>Nineteen, twenty, my platter&#8217;s empty &#8230;</li>
</ol>
</li>
</ol>
]]></content:encoded>
			<wfw:commentRss>http://wp-themes.com/?feed=rss2&amp;p=8</wfw:commentRss>
		<slash:comments>1</slash:comments>
		</item>
		<item>
		<title>Links</title>
		<link>http://wp-themes.com/?p=6</link>
		<comments>http://wp-themes.com/?p=6#comments</comments>
		<pubDate>Fri, 20 Jun 2008 20:06:53 +0000</pubDate>
		<dc:creator>Theme Admin</dc:creator>
				<category><![CDATA[Uncategorized]]></category>

		<guid isPermaLink="false">http://wordpress.org/extend/themes-preview/?p=6</guid>
		<description><![CDATA[A few well known WordPress links: WordPress.org, the Codex and the download page.
]]></description>
			<content:encoded><![CDATA[<p>A few well known WordPress links: <a href="http://wordpress.org/">WordPress.org</a>, <a href="http://codex.wordpress.org/Main_Page">the Codex</a> and <a href="http://wordpress.org/download/">the download page</a>.</p>
]]></content:encoded>
			<wfw:commentRss>http://wp-themes.com/?feed=rss2&amp;p=6</wfw:commentRss>
		<slash:comments>0</slash:comments>
		</item>
		<item>
		<title>Category Hierarchy</title>
		<link>http://wp-themes.com/?p=4</link>
		<comments>http://wp-themes.com/?p=4#comments</comments>
		<pubDate>Fri, 20 Jun 2008 19:59:54 +0000</pubDate>
		<dc:creator>Theme Admin</dc:creator>
				<category><![CDATA[First Child Category]]></category>
		<category><![CDATA[One Grandchild Category]]></category>
		<category><![CDATA[Parent]]></category>
		<category><![CDATA[Second Child Category]]></category>

		<guid isPermaLink="false">http://wordpress.org/extend/themes-preview/?p=4</guid>
		<description><![CDATA[This post has 4 categories, part of a hierarchy that is 3 deep.
Lorem ipsum dolor sit amet, consectetuer adipiscing elit. Fusce euismod commodo ante. Suspendisse potenti. Nunc pellentesque quam vel pede. Ut a lorem non urna molestie euismod. Fusce consequat tortor eu urna. Pellentesque aliquam, pede eget tincidunt feugiat, nunc massa hendrerit magna, non ultricies [...]]]></description>
			<content:encoded><![CDATA[<p>This post has 4 categories, part of a hierarchy that is 3 deep.</p>
<p>Lorem ipsum dolor sit amet, consectetuer adipiscing elit. Fusce euismod commodo ante. Suspendisse potenti. Nunc pellentesque quam vel pede. Ut a lorem non urna molestie euismod. Fusce consequat tortor eu urna. Pellentesque aliquam, pede eget tincidunt feugiat, nunc massa hendrerit magna, non ultricies neque lectus nec dui. In hac habitasse platea dictumst. Sed feugiat quam eget lectus. Fusce at pede. Morbi sagittis tristique tortor. Sed erat justo, blandit ac, dignissim in, pretium ut, urna.</p>
]]></content:encoded>
			<wfw:commentRss>http://wp-themes.com/?feed=rss2&amp;p=4</wfw:commentRss>
		<slash:comments>0</slash:comments>
		</item>
		<item>
		<title>Hello world!</title>
		<link>http://wp-themes.com/?p=1</link>
		<comments>http://wp-themes.com/?p=1#comments</comments>
		<pubDate>Wed, 04 Jun 2008 22:40:06 +0000</pubDate>
		<dc:creator>Theme Admin</dc:creator>
				<category><![CDATA[Uncategorized]]></category>

		<guid isPermaLink="false">http://wordpress.org/extend/themes-preview/?p=1</guid>
		<description><![CDATA[Welcome to WordPress. This is your first post. Edit or delete it, then start blogging!
]]></description>
			<content:encoded><![CDATA[<p>Welcome to WordPress. This is your first post. Edit or delete it, then start blogging!</p>
]]></content:encoded>
			<wfw:commentRss>http://wp-themes.com/?feed=rss2&amp;p=1</wfw:commentRss>
		<slash:comments>2</slash:comments>
		</item>
	</channel>
</rss>
